{
    "normals":[-0,-1,0,0,1,-0,1,-0,0,1,-0,1e-06,1,0,0,-0,-0,1,-1,-0,-0,-1,-0,-0,-1,-0,-0,1,-0,0,0,-0,-1,0,0,-1,-0,1,0,-1,-0,-0,-0.003339,-0.999994,-0],
    "vertices":[-0.229151,1.51053,0.229151,-0.229151,1.51053,-0.229151,0.229151,1.51053,-0.229151,0.229151,1.51053,0.229151,-0.229151,-0.085058,0.229151,-0.229151,-0.085058,-0.229152,0.229151,-0.085058,-0.229151,0.229151,-0.085058,0.229151,0.229151,0.165079,0.229151,-0.229151,0.16661,0.229151,-0.229152,0.16661,0.676116,-0.229152,-0.085058,0.676116,0.229151,0.165079,0.676117,0.229151,-0.085058,0.676117],
    "faces":[33,0,1,2,3,0,0,0,0,33,4,7,6,5,1,1,1,1,32,1,0,9,2,2,2,32,9,4,5,3,3,3,32,9,5,1,4,4,4,33,1,5,6,2,5,5,5,5,32,3,2,6,6,6,6,32,6,7,8,7,7,7,32,6,8,3,8,8,8,33,4,9,10,11,9,9,9,9,33,0,3,8,9,10,10,10,10,33,11,10,12,13,11,11,11,11,33,7,4,11,13,12,12,12,12,33,8,7,13,12,13,13,13,13,33,9,8,12,10,14,14,14,14],
    "uvs":[],
    "name":"CubeGeometry",
    "metadata":{
        "normals":15,
        "vertices":14,
        "faces":15,
        "version":3,
        "uvs":0,
        "type":"Geometry",
        "generator":"io_three"
    }
}